gene	G1_rep1	G1_rep2	G1_rep3	G2_rep1	G2_rep2	G2_rep3
CDK1	34	65	49	259	267	515
CCNB1	4	9	3	23	18	27
CCNB2	126	96	146	582	557	555
CCNA2	177	260	226	1642	602	1779
CCNE1	1	7	1	29	8	18
CDC20	2	2	4	23	7	6
CDC25A	51	31	14	239	753	382
CDC25C	16	11	15	35	47	113
BUB1	35	22	35	348	425	304
BUB1B	2	9	2	88	21	30
MAD2L1	296	165	87	1364	683	934
PLK1	100	34	50	794	353	462
AURKA	31	51	40	114	279	299
AURKB	334	205	225	1562	495	1002
TOP2A	52	40	52	343	388	1351
MKI67	5	2	8	11	32	8
FOXM1	84	85	46	470	462	500
KIF11	2	5	2	30	30	63
KIF23	120	203	145	457	716	304
CENPA	19	40	19	62	107	143
CENPE	3	19	33	104	279	220
CENPF	5	4	21	39	54	47
NUSAP1	624	509	503	883	1302	2557
TPX2	20	3	18	68	115	113
UBE2C	8	25	8	38	53	34
BIRC5	6	7	31	86	51	63
TTK	33	32	69	330	83	825
ESPL1	34	26	46	213	109	201
PTTG1	78	23	74	818	325	145
RRM2	71	51	19	134	519	514
TYMS	2082	1473	5546	10562	11981	14938
PCNA	21	8	32	28	68	84
MCM2	14	7	14	27	14	64
MCM3	5	7	5	33	24	69
MCM4	47	121	121	917	1054	1109
MCM5	225	278	431	1983	1945	449
MCM6	30	20	7	118	121	157
MCM7	16	4	8	17	8	27
E2F1	12	2	10	6	24	43
IL6	107	192	142	276	152	546
TNF	89	112	141	510	592	1050
CXCL8	91	79	124	743	462	1213
CXCL10	9	2	10	14	26	34
CCL2	45	32	51	294	377	472
CCL5	22	24	31	38	93	160
STAT1	89	31	32	188	164	461
STAT2	231	61	207	384	1298	1978
IRF1	51	35	29	254	416	311
IRF7	73	126	126	711	804	987
NFKB1	23	20	47	94	284	295
IL1B	27	44	59	287	422	1152
ISG15	160	147	91	664	383	496
OAS1	4	9	11	47	14	21
OAS2	16	10	13	111	183	102
MX1	8	11	9	23	32	51
IFIT1	2	3	21	28	41	49
IFIT3	12	18	19	114	68	204
GBP1	2252	730	852	2301	10219	5202
BAX	4	0	0	1	3	3
BAK1	477	316	149	45	36	92
CASP3	4	5	5	0	0	1
CASP7	25	25	25	2	2	5
CASP8	49	15	24	6	18	5
CASP9	52	134	109	6	37	27
TP53	84	146	90	42	35	55
BBC3	304	249	120	36	28	29
PMAIP1	9	12	11	2	4	6
APAF1	6	34	11	1	4	3
CYCS	221	177	86	12	18	103
FAS	8	22	24	5	3	6
FADD	2	9	8	0	0	0
BID	2	10	4	0	0	2
DIABLO	5	1	12	1	1	0
BG00001	124	52	71	40	143	114
BG00002	25	18	68	39	27	77
BG00003	139	232	37	87	110	116
BG00004	7	12	13	14	18	18
BG00005	40	32	34	53	72	81
BG00006	132	101	126	242	143	127
BG00007	2	33	6	11	55	24
BG00008	89	97	70	77	155	124
BG00009	4	4	5	8	20	5
BG00010	8	4	21	17	14	14
BG00011	14	9	14	24	10	21
BG00012	5	6	4	4	1	3
BG00013	111	92	61	63	60	76
BG00014	10	21	13	12	4	3
BG00015	64	29	18	71	31	30
BG00016	88	166	192	116	44	117
BG00017	22	67	162	133	22	73
BG00018	64	123	118	182	71	90
BG00019	12	8	40	23	15	21
BG00020	23	16	10	5	22	10
BG00021	45	8	44	35	51	15
BG00022	1	2	3	3	2	8
BG00023	5	6	4	2	8	2
BG00024	2	5	6	2	3	3
BG00025	6	2	3	6	0	3
BG00026	66	70	44	200	59	64
BG00027	2	4	3	5	3	5
BG00028	14	6	3	52	13	9
BG00029	333	269	409	545	457	230
BG00030	7	8	20	35	23	13
BG00031	124	174	69	82	79	94
BG00032	7	3	12	5	4	4
BG00033	34	27	4	22	8	12
BG00034	2	6	15	3	7	5
BG00035	28	18	11	4	29	4
BG00036	278	209	32	170	74	168
BG00037	3	4	11	7	9	7
BG00038	23	73	110	19	10	84
BG00039	50	37	53	43	110	64
BG00040	13	2	6	12	23	8
BG00041	3	4	4	3	3	8
BG00042	28	30	44	67	23	50
BG00043	7	2	7	8	10	9
BG00044	64	44	41	34	21	45
BG00045	24	56	16	29	23	26
BG00046	422	1036	1087	727	1168	501
BG00047	17	30	21	23	7	12
BG00048	1	5	8	3	2	2
BG00049	63	28	97	82	14	42
BG00050	5	36	106	55	85	27
BG00051	284	575	646	215	96	1170
BG00052	79	388	203	291	64	282
BG00053	26	74	171	64	184	34
BG00054	822	320	1132	283	307	886
BG00055	1	10	6	5	6	14
BG00056	12	6	7	6	7	18
BG00057	2	9	12	2	3	4
BG00058	9	10	9	12	22	17
BG00059	4	4	4	9	7	1
BG00060	98	20	122	138	111	354
BG00061	15	22	26	31	28	29
BG00062	2	1	2	5	1	5
BG00063	3	0	3	6	8	5
BG00064	88	52	63	157	56	35
BG00065	148	100	283	126	84	68
BG00066	1645	1516	1135	2096	1763	2247
BG00067	3079	13300	8605	8073	9755	14185
BG00068	36	89	71	85	127	47
BG00069	8	7	4	4	7	5
BG00070	2	2	8	6	5	1
BG00071	37	38	14	43	80	68
BG00072	4	8	6	1	7	8
BG00073	16	14	3	12	8	23
BG00074	11	5	4	4	21	13
BG00075	27	19	37	19	32	111
BG00076	205	266	311	162	392	421
BG00077	29	11	52	27	38	109
BG00078	14	53	71	23	42	24
BG00079	11	2	3	1	6	7
BG00080	2	3	5	6	3	6
BG00081	6	12	12	22	21	26
BG00082	21	40	50	58	49	61
BG00083	683	429	727	606	2048	804
BG00084	100	5	67	21	17	11
BG00085	53	692	533	49	365	836
BG00086	12	10	11	12	15	5
BG00087	1	1	1	7	5	4
BG00088	2	9	6	3	4	9
BG00089	5	7	9	1	3	9
BG00090	1724	1724	800	1577	2957	1639
BG00091	11	7	11	8	6	5
BG00092	162	96	146	311	287	273
BG00093	2	10	1	4	2	0
BG00094	117	58	94	176	114	344
BG00095	102	44	40	50	68	106
BG00096	17	14	16	23	37	15
BG00097	33	46	40	25	48	20
BG00098	12	12	14	12	6	14
BG00099	118	109	61	105	66	140
BG00100	5	3	25	31	9	17
BG00101	5	3	4	5	7	15
BG00102	5	2	0	1	4	12
BG00103	45	25	30	23	41	58
BG00104	449	356	323	512	516	851
BG00105	27	43	64	18	38	30
BG00106	21	18	27	15	22	19
BG00107	60	40	52	34	89	170
BG00108	497	257	180	391	375	452
BG00109	13	42	11	30	156	38
BG00110	12	23	19	13	30	15
BG00111	242	224	315	238	258	675
BG00112	52	47	58	28	60	52
BG00113	536	193	706	1059	715	918
BG00114	37	62	34	75	31	79
BG00115	1	2	6	4	5	7
BG00116	5	17	9	4	2	7
BG00117	357	1039	168	476	969	1371
BG00118	695	760	676	255	335	529
BG00119	28	9	13	18	19	12
BG00120	10	5	18	12	15	21
BG00121	781	480	975	861	1043	436
BG00122	4	2	5	2	9	4
BG00123	1	4	3	7	4	6
BG00124	96	54	87	70	106	103
BG00125	11	16	19	31	5	31
BG00126	39	27	13	34	25	58
BG00127	18	20	33	9	22	20
BG00128	16	75	76	50	93	73
BG00129	731	350	576	625	464	758
BG00130	18	49	38	20	33	44
BG00131	94	83	122	163	85	177
BG00132	4	3	1	5	6	5
BG00133	26	30	64	6	15	38
BG00134	7	4	6	7	3	5
BG00135	6	1	2	3	2	6
BG00136	2	9	4	3	13	9
BG00137	34	32	20	9	6	23
BG00138	122	120	363	155	438	321
BG00139	5	5	3	7	10	14
BG00140	4	15	61	13	20	68
BG00141	8	9	20	10	9	11
BG00142	30	18	24	6	26	26
BG00143	176	364	172	223	483	69
BG00144	108	160	57	81	54	61
BG00145	219	495	296	241	384	560
BG00146	36	12	24	6	9	17
BG00147	7	6	8	13	2	12
BG00148	12	19	15	27	12	23
BG00149	30	78	133	78	59	56
BG00150	64	30	56	48	78	31
BG00151	1	6	1	2	4	7
BG00152	43	26	38	21	60	65
BG00153	37	52	81	53	24	24
BG00154	11028	2537	4092	5262	3113	2376
BG00155	1378	2692	893	547	842	1116
BG00156	6	10	9	9	7	2
BG00157	39	22	13	23	10	12
BG00158	1	5	2	3	3	6
BG00159	12	26	5	9	3	6
BG00160	38	74	57	52	106	69
BG00161	213	338	303	508	938	153
BG00162	3	5	6	13	10	11
BG00163	7	4	10	6	3	16
BG00164	1	7	11	3	11	4
BG00165	36	10	14	34	46	16
BG00166	8	3	5	1	0	3
BG00167	12	12	7	6	11	23
BG00168	1	0	5	2	4	4
BG00169	54	16	25	35	53	6
BG00170	2	6	5	6	6	6
BG00171	4	3	4	9	9	3
BG00172	653	1396	1449	1660	3723	1360
BG00173	3	5	16	12	2	5
BG00174	5	1	2	11	5	4
BG00175	2703	690	1861	2289	427	636
BG00176	7157	5213	8061	9678	11828	4629
BG00177	4	4	7	9	4	3
BG00178	16	14	13	16	18	14
BG00179	34	187	12	55	47	47
BG00180	1284	609	701	926	1502	1036
BG00181	4	2	7	0	3	4
BG00182	28	17	11	18	22	12
BG00183	242	146	225	272	273	333
BG00184	66	151	124	23	40	66
BG00185	14	6	14	41	11	13
BG00186	41	16	51	10	45	35
BG00187	5	4	3	4	3	8
BG00188	11	14	15	19	15	20
BG00189	15	15	16	12	29	21
BG00190	38	45	17	27	42	62
BG00191	16	10	4	9	14	26
BG00192	69	58	54	63	85	66
BG00193	188	300	148	225	230	63
BG00194	40	28	31	48	30	47
BG00195	76	74	47	110	85	149
BG00196	47	73	40	56	53	10
BG00197	34	35	28	35	42	23
BG00198	9	6	7	14	10	14
BG00199	37	60	46	48	47	74
BG00200	23	24	26	33	43	23
BG00201	1219	3912	1547	3882	1147	3463
BG00202	433	248	1200	415	1101	603
BG00203	66	59	57	67	78	71
BG00204	3	5	6	6	2	8
BG00205	4	0	3	0	7	7
BG00206	166	367	339	485	528	408
BG00207	51	59	70	43	86	34
BG00208	121	56	59	94	89	54
BG00209	1	1	3	7	5	4
BG00210	153	161	338	202	293	225
BG00211	70	51	23	50	177	143
BG00212	4	4	1	16	7	1
BG00213	5	29	17	7	23	5
BG00214	37	42	61	80	54	107
BG00215	24	32	22	39	55	57
BG00216	6	14	24	26	23	32
BG00217	12	15	10	36	32	21
BG00218	6	14	22	21	17	6
BG00219	25	48	31	92	27	30
BG00220	622	115	323	539	575	975
BG00221	5	1	11	4	8	5
BG00222	22	5	13	12	34	40
BG00223	51	14	41	20	51	46
BG00224	58	40	52	66	32	90
BG00225	8	14	11	22	21	42
BG00226	3	7	5	7	11	3
BG00227	85	22	52	58	56	54
BG00228	422	1304	987	1075	1284	858
BG00229	2	5	4	0	1	0
BG00230	220	323	50	97	228	81
BG00231	9	33	13	20	28	12
BG00232	23	40	30	23	40	38
BG00233	8	5	1	8	12	1
BG00234	7	6	17	47	5	34
BG00235	184	425	475	491	482	539
BG00236	63	169	100	55	68	102
BG00237	491	999	1046	605	2530	1263
BG00238	382	222	356	284	794	365
BG00239	53	83	54	116	60	130
BG00240	970	1013	1224	2173	1476	560
BG00241	44	80	80	25	86	64
BG00242	100	125	161	165	89	183
BG00243	12	19	12	9	53	1
BG00244	45	50	14	61	28	49
BG00245	6	10	7	15	22	7
BG00246	223	60	423	251	206	248
BG00247	0	0	7	0	5	16
BG00248	251	140	13	127	111	257
BG00249	23	21	31	14	27	3
BG00250	398	113	555	84	341	651
BG00251	191	228	80	145	56	181
BG00252	658	370	2978	832	1168	1884
BG00253	204	154	59	197	235	197
BG00254	3	3	5	8	9	3
BG00255	23	16	50	23	25	40
BG00256	4	3	5	0	10	2
BG00257	9	6	9	9	10	15
BG00258	486	845	725	477	522	947
BG00259	72	65	67	275	119	246
BG00260	5	17	13	4	19	5
BG00261	6	8	3	2	5	3
BG00262	59	24	26	18	27	34
BG00263	4	3	4	7	9	1
BG00264	9	19	4	7	6	14
BG00265	67	54	41	79	106	77
BG00266	305	527	275	170	218	460
BG00267	143	94	100	82	116	93
BG00268	1	7	1	12	0	2
BG00269	62	117	107	47	65	110
BG00270	26	40	28	17	24	56
BG00271	69	145	48	46	47	50
BG00272	928	557	812	1242	316	759
BG00273	11	13	8	7	5	2
BG00274	8	0	6	9	3	3
BG00275	72	132	56	27	171	136
BG00276	7	3	2	7	4	10
BG00277	1283	183	443	478	1207	1982
BG00278	136	89	15	103	67	125
BG00279	179	193	75	246	54	246
BG00280	17	12	7	14	11	19
BG00281	177	155	294	186	114	247
BG00282	314	188	625	215	367	324
BG00283	43	53	18	56	65	24
BG00284	44	13	52	16	78	47
BG00285	9	39	25	23	36	66
BG00286	5	6	5	5	6	6
BG00287	15	11	9	14	19	27
BG00288	23	43	19	18	47	30
BG00289	76	88	30	24	59	112
BG00290	84	188	62	287	213	194
BG00291	5	8	6	3	6	8
BG00292	45	56	21	48	22	57
BG00293	552	626	461	249	418	885
BG00294	1	13	1	1	9	3
BG00295	3	8	6	2	5	8
BG00296	28	29	46	46	48	82
BG00297	128	333	275	126	207	117
BG00298	8	27	24	33	18	30
BG00299	240	609	307	669	383	556
BG00300	174	230	97	45	257	266
BG00301	217	169	135	168	209	180
BG00302	33	80	175	91	147	179
BG00303	1400	2215	6236	3838	2070	2482
BG00304	13	14	16	10	38	17
BG00305	12	2	3	0	2	1
BG00306	1187	948	467	608	879	1044
BG00307	6	13	4	11	20	19
BG00308	22	96	32	17	29	51
BG00309	341	467	493	297	366	656
BG00310	3	2	4	9	5	6
BG00311	3	10	0	3	1	15
BG00312	4	1	3	7	1	4
BG00313	9	12	9	0	6	19
BG00314	30	7	158	57	72	61
BG00315	189	41	83	92	69	131
BG00316	34	66	65	26	41	104
BG00317	9	3	3	4	3	5
BG00318	6	3	0	4	15	7
BG00319	11	50	34	10	8	44
BG00320	8	7	4	23	21	13
BG00321	27	110	56	78	100	165
BG00322	214	95	167	140	52	114
BG00323	20	12	39	9	12	46
BG00324	123	193	115	133	125	168
BG00325	38	45	36	15	33	50
BG00326	83	80	76	109	102	131
BG00327	6	12	6	8	9	11
BG00328	30	12	0	19	25	5
BG00329	66	106	34	48	52	47
BG00330	95	152	59	109	132	295
BG00331	11	6	8	26	10	18
BG00332	146	70	42	120	60	47
BG00333	41	27	19	34	26	24
BG00334	38	27	20	20	41	29
BG00335	222	116	148	96	104	540
BG00336	3	12	2	3	0	17
BG00337	3	7	13	3	5	9
BG00338	2	6	7	6	2	9
BG00339	6	11	3	5	2	9
BG00340	6	6	8	5	12	9
BG00341	270	114	116	238	148	85
BG00342	2	19	26	11	6	24
BG00343	23	35	91	51	141	106
BG00344	606	294	219	433	493	823
BG00345	549	525	324	666	463	573
BG00346	13	26	13	19	43	32
BG00347	347	581	1141	642	641	283
BG00348	31	31	17	27	34	31
BG00349	5	12	3	13	5	4
BG00350	13	13	8	2	11	2
BG00351	7	13	3	7	3	9
BG00352	5	10	3	5	7	2
BG00353	25	14	0	30	13	19
BG00354	125	261	272	127	243	107
BG00355	282	1107	1019	3144	1816	718
BG00356	5	0	1	2	12	6
BG00357	136	25	46	49	33	118
BG00358	5	3	6	7	2	3
BG00359	53	81	115	88	81	165
BG00360	23	43	20	11	15	21
BG00361	1	1	6	7	3	3
BG00362	140	141	247	140	96	147
BG00363	10	2	2	11	7	4
BG00364	9	9	5	27	13	10
BG00365	6	5	4	7	10	1
BG00366	12	12	2	7	18	10
BG00367	198	40	38	90	81	77
BG00368	29	28	26	36	19	40
BG00369	50	49	104	20	155	129
BG00370	21	28	106	39	82	38
BG00371	280	346	569	676	506	1003
BG00372	23	48	15	22	7	24
BG00373	7	7	6	2	2	19
BG00374	553	135	101	499	633	407
BG00375	14	23	15	24	7	19
BG00376	465	227	126	274	137	155
BG00377	44	82	69	56	155	80
BG00378	40	27	18	40	17	38
BG00379	80	99	118	58	97	78
BG00380	1411	1417	1448	705	3116	1590
BG00381	2730	2290	1035	2247	1881	1296
BG00382	33	47	19	16	26	15
BG00383	64	54	33	24	43	71
BG00384	256	373	197	123	361	209
BG00385	23	3	7	3	3	5
BG00386	50	138	8	42	87	128
BG00387	17	42	26	16	63	34
BG00388	54	69	74	25	76	36
BG00389	6	5	6	5	3	15
BG00390	2	2	3	8	5	3
BG00391	8	7	0	2	8	6
BG00392	4	5	0	3	5	10
BG00393	14	3	3	17	6	20
BG00394	32	10	35	46	18	9
BG00395	1891	1457	1634	2211	3016	3554
BG00396	222	163	210	209	325	299
BG00397	2	1	6	7	6	10
BG00398	35	59	15	88	71	48
BG00399	20	11	8	11	12	15
BG00400	37	16	10	24	21	21
BG00401	19	46	14	47	48	56
BG00402	97	104	78	246	92	113
BG00403	14	27	29	25	18	7
BG00404	190	108	432	596	151	376
BG00405	4	1	1	4	4	5
BG00406	14	9	49	25	18	16
BG00407	1299	15612	5859	2571	6291	2972
BG00408	46	43	68	39	33	62
BG00409	288	420	324	218	163	270
BG00410	62	35	27	56	25	42
BG00411	82	29	40	156	140	68
BG00412	35	17	8	23	12	42
BG00413	28	19	20	29	18	36
BG00414	8	8	4	0	3	6
BG00415	52	158	62	27	80	77
BG00416	11	3	5	5	7	11
BG00417	124	158	70	369	105	32
BG00418	294	183	193	71	788	317
BG00419	65	57	54	50	128	230
BG00420	26	26	4	24	9	56
BG00421	48	44	85	34	72	54
BG00422	8	15	13	5	21	36
BG00423	163	275	178	181	568	523
BG00424	11	3	6	3	4	4
BG00425	23	8	19	14	44	5
BG00426	2	3	0	4	5	9
BG00427	1	2	1	4	4	6
BG00428	156	546	660	185	735	553
BG00429	467	81	452	118	208	302
BG00430	8	15	4	7	15	11
BG00431	0	1	4	6	13	7
BG00432	1	3	6	3	3	15
BG00433	9	4	6	31	0	10
BG00434	1455	2587	3924	701	3495	6872
BG00435	73	119	68	52	66	95
BG00436	15	19	6	7	11	28
BG00437	103	62	105	91	169	82
BG00438	3	1	11	14	1	12
BG00439	13	22	21	16	25	20
BG00440	30	40	75	51	63	47
BG00441	22	16	39	27	19	54
BG00442	276	77	92	166	128	318
BG00443	108	41	113	103	122	119
BG00444	232	152	58	85	246	131
BG00445	16	5	5	11	5	2
BG00446	103	188	229	280	333	356
BG00447	572	1010	762	790	198	1957
BG00448	4	6	2	2	3	6
BG00449	11	11	0	6	10	7
BG00450	394	457	367	628	444	778
BG00451	15	40	37	26	17	31
BG00452	892	269	508	623	335	201
BG00453	4	9	5	16	18	14
BG00454	692	196	264	562	343	937
BG00455	56	23	54	18	44	27
BG00456	36	88	26	6	42	40
BG00457	511	482	411	892	1125	1011
BG00458	7	9	14	7	21	27
BG00459	13	2	10	5	5	3
BG00460	34	19	11	10	21	38
BG00461	76	86	77	33	129	128
BG00462	7	8	5	7	6	6
BG00463	93	90	114	67	123	162
BG00464	12	10	2	11	4	12
BG00465	143	337	346	352	420	276
BG00466	6	2	1	2	8	1
BG00467	8	8	5	4	7	7
BG00468	3	2	4	2	9	9
BG00469	8	3	12	8	10	2
BG00470	35	62	57	48	84	45
BG00471	27	24	24	12	8	49
BG00472	30	10	15	24	24	6
BG00473	36	32	5	14	24	31
BG00474	34	43	27	23	6	39
BG00475	0	3	10	10	3	3
BG00476	149	139	139	85	124	173
BG00477	53	100	83	53	118	98
BG00478	129	52	99	130	311	33
BG00479	47	106	97	105	129	87
BG00480	16	43	66	37	71	99
BG00481	600	3885	3331	681	2358	1357
BG00482	38	55	51	16	81	45
BG00483	18	15	15	16	16	59
BG00484	9	8	11	7	6	5
BG00485	6	5	4	1	1	6
BG00486	2	7	2	5	1	3
BG00487	7	8	8	6	6	11
BG00488	31	16	22	24	27	32
BG00489	72	120	67	37	28	58
BG00490	28	36	44	11	57	44
BG00491	3	7	8	13	13	17
BG00492	360	323	179	71	64	313
BG00493	171	54	82	131	330	301
BG00494	43	12	21	14	22	14
BG00495	3	2	7	5	5	6
BG00496	46	39	151	107	87	58
BG00497	42	51	21	24	28	61
BG00498	8	3	6	0	8	12
BG00499	24	16	45	4	32	20
BG00500	25	20	15	16	25	34
BG00501	2	11	19	2	4	9
BG00502	85	20	20	6	29	70
BG00503	4	6	6	6	4	2
BG00504	514	385	91	905	543	406
BG00505	214	169	209	408	541	255
BG00506	7	9	18	33	6	17
BG00507	55	67	46	107	70	128
BG00508	1	5	2	2	3	2
BG00509	3	2	5	6	3	3
BG00510	4	13	13	14	20	21
BG00511	5	0	5	4	7	2
BG00512	186	98	67	171	96	120
BG00513	1003	1978	1409	1526	2422	1817
BG00514	3	3	1	2	13	4
BG00515	8	10	14	0	8	5
BG00516	34	47	55	65	40	34
BG00517	617	621	1161	874	1729	321
BG00518	5	5	6	1	4	12
BG00519	44	107	82	31	97	85
BG00520	730	1076	2027	1133	1316	852
BG00521	4	2	0	12	7	2
BG00522	3	5	1	3	5	1
BG00523	7	21	17	45	11	23
BG00524	12	22	9	4	5	10
BG00525	110	146	168	113	41	301
BG00526	26	42	73	35	25	17
BG00527	4	5	0	2	4	4
BG00528	53	35	157	167	134	167
BG00529	0	5	7	6	23	10
BG00530	135	494	440	308	297	174
BG00531	2	6	8	29	21	8
BG00532	7	10	13	22	9	25
BG00533	97	94	76	211	282	159
BG00534	163	92	76	174	325	109
BG00535	97	85	321	130	58	74
BG00536	3	1	6	1	3	7
BG00537	55	101	106	107	68	130
BG00538	13	12	11	6	8	1
BG00539	38	30	65	40	47	15
BG00540	1	0	11	3	8	7
BG00541	42	64	105	34	85	80
BG00542	10	7	5	3	13	6
BG00543	7	13	2	7	2	4
BG00544	37	130	181	83	171	168
BG00545	60	44	28	26	103	24
BG00546	8	5	8	15	9	19
BG00547	501	1277	371	1064	776	721
BG00548	31	6	16	17	12	32
BG00549	11	39	38	34	10	65
BG00550	59	41	97	95	38	38
BG00551	1	2	6	4	5	21
BG00552	39	48	45	60	41	119
BG00553	13	6	10	23	18	30
BG00554	23	29	10	7	10	17
BG00555	389	444	672	326	514	510
BG00556	10	2	4	7	2	7
BG00557	10	1	5	13	3	0
BG00558	147	922	477	467	933	543
BG00559	7936	6067	4816	9506	8569	8809
BG00560	4	6	13	21	37	9
BG00561	5	1	1	9	14	2
BG00562	15	20	20	19	21	22
BG00563	6	16	11	8	9	69
BG00564	24	46	14	6	15	14
BG00565	5	4	1	5	6	6
BG00566	138	85	123	243	88	54
BG00567	77	40	52	113	56	92
BG00568	5	7	5	2	5	3
BG00569	79	47	103	134	110	104
BG00570	1021	1355	604	1032	1197	1588
BG00571	23	33	48	57	55	24
BG00572	13	12	5	5	20	10
BG00573	6	29	18	16	33	39
BG00574	134	89	97	64	177	78
BG00575	0	4	9	2	2	11
BG00576	46	11	16	8	26	65
BG00577	7	9	4	42	14	18
BG00578	875	1633	2307	1347	2010	860
BG00579	15	34	39	11	0	71
BG00580	1009	1225	738	1191	1531	726
BG00581	7	7	2	7	7	3
BG00582	36	112	52	187	139	93
BG00583	71	35	27	84	35	56
BG00584	2	10	1	4	11	1
BG00585	53	12	54	33	41	38
BG00586	573	162	162	412	206	110
BG00587	6	26	22	20	7	13
BG00588	3	4	5	8	2	13
BG00589	24	18	9	5	20	34
BG00590	3	1	4	2	8	10
BG00591	11	9	16	15	37	10
BG00592	33	19	31	20	10	34
BG00593	4	12	0	6	5	5
BG00594	5	1	4	12	12	0
BG00595	158	124	44	135	47	119
BG00596	11	13	13	16	15	18
BG00597	4	2	7	0	6	13
BG00598	210	141	152	212	253	199
BG00599	87	79	47	101	65	50
BG00600	24	14	8	4	14	21
BG00601	3	1	3	4	5	4
BG00602	107	192	197	112	349	410
BG00603	58	37	135	75	69	76
BG00604	1071	4459	2088	4076	6598	1663
BG00605	56	92	49	76	102	126
BG00606	84	49	73	51	135	90
BG00607	34	17	17	28	44	18
BG00608	118	355	515	135	265	66
BG00609	37	109	44	98	68	102
BG00610	517	261	343	413	601	655
BG00611	10	6	14	14	15	14
BG00612	18	8	20	9	5	24
BG00613	4	2	14	14	7	15
BG00614	176	154	81	134	247	234
BG00615	671	406	578	476	806	962
BG00616	16	4	5	10	7	11
BG00617	12	15	10	7	10	37
BG00618	60	47	44	65	159	96
BG00619	13	15	17	21	41	41
BG00620	207	284	264	351	187	263
BG00621	5	6	4	5	2	6
BG00622	2	3	11	1	3	14
BG00623	16	13	10	3	2	4
BG00624	1	3	1	0	4	8
BG00625	4	3	5	1	3	7
BG00626	8	0	3	9	8	7
BG00627	32	22	8	27	38	55
BG00628	234	455	512	121	35	289
BG00629	14	50	14	14	20	39
BG00630	5	5	1	3	3	6
BG00631	3	39	23	39	9	14
BG00632	266	163	96	228	112	296
BG00633	14	4	2	5	5	8
BG00634	6	7	6	2	7	3
BG00635	109	60	257	44	140	182
BG00636	26	23	12	24	19	36
BG00637	127	193	228	252	111	85
BG00638	8	10	4	38	34	51
BG00639	339	31	213	273	184	95
BG00640	2	5	4	3	1	9
BG00641	15	34	21	19	23	24
BG00642	18	34	14	42	5	22
BG00643	4	5	7	5	7	5
BG00644	1	5	7	2	11	11
BG00645	79	174	112	125	105	137
BG00646	11	29	7	16	9	18
BG00647	4	2	6	4	5	5
BG00648	16	56	9	10	29	24
BG00649	370	509	153	180	459	288
BG00650	8	9	5	4	10	4
BG00651	2	2	4	8	12	1
BG00652	7	9	5	4	4	10
BG00653	580	311	725	361	553	995
BG00654	57	32	56	70	41	80
BG00655	113	114	140	178	125	84
BG00656	8	4	6	4	12	6
BG00657	5	8	2	4	8	4
BG00658	80	42	57	36	140	189
BG00659	36	33	63	53	42	42
BG00660	162	44	71	61	53	149
BG00661	11	18	36	22	27	24
BG00662	58	43	14	52	71	113
BG00663	42	39	24	13	32	43
BG00664	146	165	155	212	204	349
BG00665	107	135	114	192	93	61
BG00666	4	4	6	2	2	12
BG00667	3	9	3	2	3	9
BG00668	367	246	165	167	292	278
BG00669	135	388	583	347	693	174
BG00670	4	5	1	6	9	11
BG00671	2	6	5	1	5	4
BG00672	58	41	59	39	24	50
BG00673	71	151	202	376	312	292
BG00674	1352	911	1418	365	1371	1848
BG00675	437	37	273	82	107	193
BG00676	9	28	28	10	9	24
BG00677	1	1	5	1	2	9
BG00678	17	37	20	31	79	79
BG00679	3	8	13	31	14	20
BG00680	4	3	8	3	5	0
BG00681	912	1663	2624	1646	1315	1002
BG00682	1409	1981	752	1210	622	1075
BG00683	317	212	226	135	391	737
BG00684	4	2	3	2	12	2
BG00685	216	209	116	102	336	212
BG00686	182	97	170	148	179	51
BG00687	26	87	37	42	101	128
BG00688	259	113	181	466	656	283
BG00689	250	224	129	146	64	165
BG00690	46	212	132	102	68	202
BG00691	91	44	98	143	179	111
BG00692	41	48	50	115	50	116
BG00693	5	7	7	5	9	4
BG00694	45	86	17	28	29	67
BG00695	12	6	3	17	13	6
BG00696	7	7	1	8	3	3
BG00697	570	728	2048	910	1003	1199
BG00698	848	876	969	195	538	1127
BG00699	244	393	1337	299	593	506
BG00700	79	52	53	24	12	99
BG00701	255	226	375	727	531	474
BG00702	40	70	20	36	6	22
BG00703	54	80	39	27	76	64
BG00704	5	2	2	7	5	3
BG00705	77	43	68	97	85	108
BG00706	8	40	39	33	63	49
BG00707	0	2	5	1	2	6
BG00708	52	78	8	12	18	48
BG00709	17	10	20	35	23	20
BG00710	1089	1100	778	1057	930	2102
BG00711	66	95	135	316	354	280
BG00712	41	40	48	8	18	33
BG00713	48	60	12	46	60	103
BG00714	38	26	14	17	22	52
BG00715	26	30	34	34	31	13
BG00716	4	0	1	0	3	4
BG00717	16	19	2	29	30	37
BG00718	12	4	2	5	8	24
BG00719	1	2	3	6	7	7
BG00720	82	64	70	25	132	113
BG00721	55	95	28	24	115	86
BG00722	3	8	6	3	8	8
BG00723	20	27	19	26	50	11
BG00724	155	107	146	346	338	179
BG00725	275	454	435	349	216	41
BG00726	199	45	165	244	500	335
BG00727	14	34	33	40	20	55
BG00728	4	6	1	6	5	19
BG00729	8	3	8	3	8	9
BG00730	53	62	103	98	82	178
BG00731	56	44	3	82	85	35
BG00732	196	252	486	570	124	244
BG00733	190	410	170	134	555	430
BG00734	16	18	31	18	19	38
BG00735	7	0	2	11	11	5
BG00736	16	24	21	5	17	42
BG00737	31	39	41	23	32	29
BG00738	19	11	34	11	7	15
BG00739	4	13	13	3	33	8
BG00740	77	22	15	58	46	41
BG00741	19	9	34	16	35	15
BG00742	13	2	13	5	7	21
BG00743	85	6	42	30	159	196
BG00744	5	30	23	6	20	9
BG00745	37	25	44	35	43	48
BG00746	53	54	41	22	38	84
BG00747	7	3	3	0	1	4
BG00748	10	8	5	8	16	10
BG00749	483	222	536	692	810	260
BG00750	2	4	9	6	6	2
BG00751	3	9	15	0	3	5
BG00752	5	8	4	11	6	5
BG00753	14	60	35	47	30	48
BG00754	21	25	22	38	43	28
BG00755	21	37	14	14	25	27
BG00756	264	420	313	298	254	483
BG00757	7	5	7	10	7	8
BG00758	128	38	62	68	103	122
BG00759	426	997	726	1318	1161	1277
BG00760	2	6	5	2	6	12
BG00761	13	0	20	19	21	8
BG00762	11	2	6	1	11	10
BG00763	5	4	3	2	5	1
BG00764	12	20	21	13	26	9
BG00765	289	1233	785	215	742	515
BG00766	987	1072	1697	1437	1592	1933
BG00767	10	22	17	40	1	41
BG00768	1073	1354	1330	983	2640	1066
BG00769	35	28	47	33	69	57
BG00770	1964	1167	339	1285	158	802
BG00771	32	44	42	13	32	52
BG00772	66	46	16	46	102	26
BG00773	75	112	57	52	67	70
BG00774	22769	2593	16514	9946	15109	7577
BG00775	323	270	298	63	97	161
BG00776	9	9	8	7	19	1
BG00777	273	124	114	126	201	57
BG00778	23	11	18	29	24	15
BG00779	8	16	14	23	13	24
BG00780	41	292	142	273	326	231
BG00781	35	21	13	21	52	31
BG00782	110	31	99	40	63	92
BG00783	18	27	71	18	29	35
BG00784	43	53	14	28	71	40
BG00785	112	112	51	102	61	155
BG00786	2	3	2	15	2	20
BG00787	84	84	79	104	105	136
BG00788	2	0	4	6	13	2
BG00789	4	2	2	13	14	11
BG00790	45	20	13	30	15	62
BG00791	8	41	33	73	6	24
BG00792	7	7	3	4	20	5
BG00793	48	171	389	209	267	110
BG00794	2	5	8	8	7	13
BG00795	13	10	17	34	16	25
BG00796	7	16	4	8	11	13
BG00797	38	10	23	22	16	21
BG00798	51	82	75	66	48	50
BG00799	3	6	6	4	7	2
BG00800	111	48	120	72	218	125
BG00801	17	43	29	8	39	52
BG00802	5	3	0	2	8	6
BG00803	12	6	6	0	3	6
BG00804	31	28	27	80	57	28
BG00805	31	14	13	22	32	37
BG00806	18	44	11	18	35	26
BG00807	27	34	36	37	13	30
BG00808	12	24	13	55	32	34
BG00809	77	181	430	217	252	532
BG00810	0	8	1	12	6	9
BG00811	5	16	0	4	10	11
BG00812	10	7	7	2	0	1
BG00813	43	45	57	30	56	60
BG00814	577	548	203	465	185	489
BG00815	0	2	13	26	17	27
BG00816	3	6	2	2	2	5
BG00817	4	0	6	4	11	5
BG00818	12	22	9	9	10	9
BG00819	6	12	5	8	6	6
BG00820	12	11	6	12	19	21
BG00821	41	47	42	18	71	39
BG00822	20	23	23	12	14	13
BG00823	88	351	116	384	196	339
BG00824	5	33	4	9	11	7
BG00825	0	10	3	6	6	8
BG00826	44	148	59	108	71	167
BG00827	9	5	4	1	4	2
BG00828	37	109	73	58	155	91
BG00829	31	63	25	36	61	57
BG00830	15	4	34	43	16	39
BG00831	790	1944	259	1933	131	432
BG00832	7	15	3	7	4	4
BG00833	1336	1368	2939	2364	2696	1094
BG00834	14	5	39	10	3	15
BG00835	2	2	7	7	3	4
BG00836	11	49	54	14	64	64
BG00837	5	10	2	5	1	1
BG00838	4	9	7	13	3	6
BG00839	71	53	59	118	61	118
BG00840	92	101	93	85	69	163
BG00841	15	18	9	8	8	4
BG00842	99	277	269	169	111	397
BG00843	136	228	605	175	108	794
BG00844	738	185	317	382	1087	372
BG00845	54	69	65	100	139	74
BG00846	558	136	66	701	833	209
BG00847	2	6	2	2	6	4
BG00848	24	30	9	22	20	18
BG00849	2	7	3	4	8	7
BG00850	27	65	40	68	41	76
BG00851	4	11	4	10	7	6
BG00852	13	9	16	20	16	36
BG00853	1286	1475	2117	784	1821	991
BG00854	29	31	31	20	65	48
BG00855	90	80	63	72	121	107
BG00856	25	9	10	34	4	24
BG00857	29	30	48	16	22	37
BG00858	12	20	9	21	40	15
BG00859	6	122	31	209	48	16
BG00860	210	596	239	222	264	241
BG00861	755	1061	1297	613	1137	665
BG00862	28	92	32	66	84	73
BG00863	51	57	77	41	64	91
BG00864	1	7	3	5	5	15
BG00865	22	9	25	11	6	35
BG00866	196	270	229	112	738	453
BG00867	211	115	208	215	110	337
BG00868	34	29	24	24	105	39
BG00869	246	102	229	166	123	319
BG00870	43	84	198	57	74	119
BG00871	220	251	579	326	376	298
BG00872	149	21	40	23	19	102
BG00873	13	8	26	2	16	34
BG00874	103	30	61	48	85	114
BG00875	7	3	3	4	7	4
BG00876	31	35	40	89	159	88
BG00877	3	2	10	9	4	10
BG00878	2	6	5	1	6	6
BG00879	52	58	22	90	96	120
BG00880	156	105	43	53	195	53
BG00881	3	5	4	3	7	9
BG00882	5	3	3	2	3	15
BG00883	422	173	246	369	305	134
BG00884	8	12	10	13	28	10
BG00885	3386	2059	1337	1789	4706	3441
BG00886	15	72	8	78	71	13
BG00887	29	92	74	61	77	49
BG00888	435	1112	268	557	1426	447
BG00889	16	24	39	65	45	38
BG00890	7	4	5	6	3	9
BG00891	17	21	26	15	31	20
BG00892	22	14	26	17	27	56
BG00893	2	6	5	1	5	9
BG00894	7	20	26	18	14	17
BG00895	1	9	7	10	11	21
BG00896	133	155	5	244	352	192
BG00897	19	25	28	19	27	55
BG00898	16	31	22	17	35	12
BG00899	38	35	39	6	13	13
BG00900	89	24	57	79	66	106
BG00901	38	121	150	133	105	201
BG00902	3	5	9	2	7	11
BG00903	5	9	3	2	5	2
BG00904	153	509	292	453	208	76
BG00905	16	4	9	32	20	33
BG00906	2	15	6	4	4	9
BG00907	57	43	119	63	66	64
BG00908	41	82	79	64	61	61
BG00909	8	3	2	2	2	8
BG00910	108	40	107	30	74	31
BG00911	158	137	74	120	70	257
BG00912	82	51	78	53	32	211
BG00913	389	41	141	45	294	155
BG00914	2	4	3	10	3	8
BG00915	110	45	29	51	33	75
BG00916	23	2	38	29	22	15
BG00917	5	14	2	38	6	7
BG00918	88	158	92	126	118	213
BG00919	638	521	513	413	565	1635
BG00920	1321	1498	603	855	1063	2254
BG00921	390	390	529	306	763	722
BG00922	15	51	34	25	37	43
BG00923	36	50	24	93	128	99
BG00924	152	278	174	84	39	281
BG00925	19	24	15	70	46	89
BG00926	23	23	45	63	16	26
BG00927	408	217	269	126	343	354
BG00928	14	14	13	12	11	18
BG00929	4	3	17	10	10	11
BG00930	4	11	2	9	17	7
BG00931	30	109	84	118	61	97
BG00932	37	49	21	27	45	48
BG00933	25	36	75	23	66	12
BG00934	141	45	107	171	125	195
BG00935	0	14	9	16	22	28
BG00936	60	190	87	94	42	257
BG00937	143	23	144	26	129	46
BG00938	2	1	6	5	4	2
BG00939	1040	468	475	346	278	588
BG00940	12	10	12	18	7	14
BG00941	7	2	0	9	12	9
BG00942	4	4	1	4	5	11
BG00943	4	5	3	6	5	3
BG00944	14	19	29	46	31	38
BG00945	7	19	13	27	21	15
BG00946	9	6	3	10	7	20
BG00947	84	180	108	133	200	316
BG00948	38	39	51	98	83	180
BG00949	48	19	43	73	100	14
BG00950	51	35	61	102	86	88
BG00951	215	84	84	30	95	69
BG00952	0	5	7	5	5	3
BG00953	14	4	8	12	10	15
BG00954	2	17	1	0	5	4
BG00955	35	56	4	12	36	74
BG00956	19	17	4	35	8	30
BG00957	316	185	240	234	901	128
BG00958	287	564	254	433	709	486
BG00959	63	29	84	11	35	56
BG00960	17	11	18	24	20	22
BG00961	82	62	95	135	28	106
BG00962	13	22	8	5	21	11
BG00963	22	53	24	37	14	48
BG00964	364	278	320	378	378	246
BG00965	3	23	10	1	5	18
BG00966	124	130	234	77	159	271
BG00967	129	122	35	201	173	206
BG00968	2	9	2	5	5	7
BG00969	371	153	152	278	145	253
BG00970	166	120	91	78	122	245
BG00971	53	24	86	25	83	23
BG00972	10	16	2	6	6	7
BG00973	11	4	2	7	3	10
BG00974	6	15	17	17	8	19
BG00975	115	34	39	36	43	159
BG00976	11	6	3	4	8	2
BG00977	102	126	72	20	95	73
BG00978	6	5	3	5	6	3
BG00979	11	16	4	14	32	38
BG00980	19	22	48	32	38	74
BG00981	2912	3724	6729	1007	4752	3476
BG00982	2	0	7	5	3	7
BG00983	264	375	207	428	1166	791
BG00984	76	42	47	21	20	89
BG00985	150	126	64	105	152	165
BG00986	1	55	24	67	35	26
BG00987	28	79	53	127	101	105
BG00988	2	8	17	14	18	14
BG00989	451	183	912	536	716	643
BG00990	5	3	19	5	4	15
BG00991	312	277	266	407	323	312
BG00992	13	24	5	16	23	3
BG00993	12	19	19	27	46	41
BG00994	2	4	7	4	7	3
BG00995	97	167	90	72	47	122
BG00996	408	1405	930	866	623	203
BG00997	14	10	14	12	25	35
BG00998	8	12	28	16	34	32
BG00999	4	1	3	9	1	17
BG01000	13	19	7	7	16	26
BG01001	5	4	3	3	7	24
BG01002	0	6	7	5	6	9
BG01003	58	44	27	38	45	85
BG01004	464	173	595	277	476	749
BG01005	13419	8501	2336	6971	2224	937
BG01006	8	15	8	3	13	5
BG01007	384	477	392	800	397	574
BG01008	31	46	69	29	62	49
BG01009	17	2	16	16	17	32
BG01010	82	51	89	47	95	121
BG01011	76	31	17	13	39	59
BG01012	66	24	118	17	40	75
BG01013	5	8	7	26	12	18
BG01014	4	11	9	6	2	5
BG01015	8	5	6	8	6	6
BG01016	118	154	117	63	118	119
BG01017	19	24	16	24	53	15
BG01018	6	2	9	5	13	36
BG01019	25	22	31	24	13	54
BG01020	58	184	176	206	235	158
BG01021	15	38	65	63	44	21
BG01022	9	5	4	10	12	3
BG01023	318	397	125	286	158	395
BG01024	399	576	426	634	468	985
BG01025	120	24	15	99	61	200
BG01026	244	105	141	137	251	182
BG01027	209	172	142	233	103	375
BG01028	481	267	434	300	546	258
BG01029	43	78	76	143	96	136
BG01030	130	95	82	268	40	34
BG01031	27	47	232	140	16	233
BG01032	6	7	5	5	4	1
BG01033	65	146	132	148	133	234
BG01034	6	7	6	1	1	9
BG01035	11	5	4	5	8	8
BG01036	582	698	540	291	290	639
BG01037	115	66	20	190	213	245
BG01038	354	341	1503	517	709	1744
BG01039	16	22	28	4	49	37
BG01040	2	7	10	5	4	3
BG01041	8	15	14	14	31	16
BG01042	22	17	48	47	64	43
BG01043	5	41	38	30	74	49
BG01044	482	389	199	465	790	284
BG01045	11	21	8	11	8	20
BG01046	30	48	28	159	55	124
BG01047	13	9	7	6	1	5
BG01048	104	75	51	58	49	89
BG01049	18	34	41	24	61	54
BG01050	7	5	7	5	8	9
BG01051	27	13	24	12	21	21
BG01052	10	19	52	15	26	36
BG01053	31	28	43	1	3	26
BG01054	793	1235	1142	641	2067	988
BG01055	15	12	17	22	71	14
BG01056	9	30	17	13	35	43
BG01057	4	0	11	7	8	2
BG01058	2	9	2	10	12	7
BG01059	13	1	24	7	28	39
BG01060	7	2	4	11	7	11
BG01061	395	764	811	345	448	522
BG01062	6	11	14	12	10	7
BG01063	493	824	247	204	700	165
BG01064	25	9	23	77	34	27
BG01065	5	32	32	65	79	26
BG01066	12	46	32	18	45	21
BG01067	23	29	38	41	43	34
BG01068	1014	1087	744	537	718	1219
BG01069	3	4	3	1	1	12
BG01070	1	4	5	3	3	5
BG01071	10	17	8	8	4	18
BG01072	24	31	69	42	30	67
BG01073	165	107	110	144	94	186
BG01074	107	43	92	125	93	69
BG01075	26	13	4	19	5	6
BG01076	287	193	311	170	328	541
BG01077	183	172	336	245	501	338
BG01078	66	43	38	63	32	15
BG01079	331	175	63	192	276	692
BG01080	46	48	72	80	44	89
BG01081	5	4	12	8	9	9
BG01082	157	184	195	119	129	137
BG01083	48	77	31	33	9	37
BG01084	16	24	43	18	69	84
BG01085	426	616	813	588	381	254
BG01086	3	3	1	7	9	2
BG01087	2	5	1	2	4	2
BG01088	6	1	0	8	4	3
BG01089	14	9	10	6	17	27
BG01090	13	9	37	18	21	16
BG01091	6	4	1	4	5	8
BG01092	5	4	9	4	8	2
BG01093	6	3	10	5	7	3
BG01094	975	5209	2678	4254	14844	4691
BG01095	438	3946	1647	799	2672	700
BG01096	23	0	10	22	22	22
BG01097	9	18	8	25	23	6
BG01098	3	2	3	3	7	8
BG01099	10	3	5	4	4	8
BG01100	13	45	20	14	19	40
BG01101	5	7	4	5	6	2
BG01102	22	56	32	5	17	12
BG01103	1	2	2	3	6	6
BG01104	5	1	15	12	3	16
BG01105	28	13	7	82	10	33
BG01106	38	37	64	54	83	32
BG01107	120	88	55	73	57	71
BG01108	7	7	3	3	5	10
BG01109	110	178	300	101	178	288
BG01110	9	6	6	4	5	8
BG01111	120	84	74	60	59	287
BG01112	24	13	18	25	21	21
BG01113	3	9	0	5	8	6
BG01114	21	22	28	13	17	15
BG01115	65	49	89	54	80	82
BG01116	81	60	99	136	79	69
BG01117	11	25	11	18	15	36
BG01118	461	462	438	329	613	484
BG01119	234	191	66	252	108	205
BG01120	26	26	26	16	21	25
BG01121	162	146	144	280	95	165
BG01122	812	1843	973	2283	1898	1469
BG01123	228	3008	2499	2180	774	2676
BG01124	5	4	4	4	4	7
BG01125	3	5	3	4	6	7
BG01126	698	467	715	668	681	809
BG01127	4	5	2	8	6	8
BG01128	3	4	6	5	2	4
BG01129	7	5	5	10	6	6
BG01130	51	96	53	67	134	78
BG01131	13	29	11	44	14	27
BG01132	7	9	10	4	8	5
BG01133	12	3	8	8	13	11
BG01134	1	9	17	18	8	9
BG01135	8	2	7	7	4	2
BG01136	4092	3011	1244	1411	2158	951
BG01137	67	53	91	34	81	50
BG01138	131	130	51	294	152	319
BG01139	7	18	10	8	12	11
BG01140	21	9	17	30	50	27
BG01141	1	10	17	4	5	17
BG01142	9	3	5	4	7	3
BG01143	3	6	4	7	5	7
BG01144	2	4	8	13	3	6
BG01145	5	7	2	2	5	5
BG01146	11	0	3	9	1	9
BG01147	420	398	626	282	490	656
BG01148	42	18	23	50	30	43
BG01149	405	250	226	518	199	597
BG01150	86	121	50	30	144	57
BG01151	158	27	90	92	230	96
BG01152	5	9	3	1	3	8
BG01153	39	146	105	21	52	118
BG01154	258	49	103	114	222	237
BG01155	4	9	11	10	6	12
BG01156	91	46	118	66	48	40
BG01157	114	119	39	144	24	135
BG01158	5	10	16	1	13	11
BG01159	6	2	3	2	4	5
BG01160	12	8	1	4	2	14
BG01161	9	55	31	61	87	47
BG01162	32	63	30	53	77	38
BG01163	3	8	0	7	8	15
BG01164	35	26	73	45	13	32
BG01165	91	87	74	70	109	179
BG01166	85	105	73	61	107	111
BG01167	515	1004	593	790	988	503
BG01168	484	415	530	429	381	535
BG01169	4	7	4	3	5	8
BG01170	562	457	995	1168	2412	1476
BG01171	10	23	17	4	14	11
BG01172	193	227	431	247	377	231
BG01173	42	93	28	32	55	41
BG01174	15	16	7	6	12	9
BG01175	1	3	1	7	6	3
BG01176	9	39	21	16	8	23
BG01177	5	3	4	6	4	3
BG01178	380	256	179	54	255	180
BG01179	1642	555	234	415	548	314
BG01180	3	10	4	5	12	13
BG01181	58	62	66	64	27	61
BG01182	12	9	9	15	4	6
BG01183	5	12	9	6	22	12
BG01184	213	126	85	72	131	163
BG01185	14	22	32	61	21	45
BG01186	546	651	59	668	1927	576
BG01187	25	2	13	17	7	7
BG01188	301	267	148	239	237	346
BG01189	41	67	67	38	40	58
BG01190	180	203	166	109	208	201
BG01191	14	4	25	4	22	11
BG01192	24	45	51	23	46	20
BG01193	39	50	35	13	15	105
BG01194	18	2	12	0	2	5
BG01195	182	63	72	71	35	300
BG01196	83	84	63	169	215	201
BG01197	84	52	80	76	79	153
BG01198	1132	531	751	525	838	1308
BG01199	672	304	1017	491	931	1182
BG01200	15	15	24	30	4	6
BG01201	66	56	43	80	105	114
BG01202	6	1	8	11	17	5
BG01203	28	66	34	15	22	35
BG01204	5	14	11	7	20	15
BG01205	1788	694	451	359	1383	1326
BG01206	110	113	36	102	30	11
BG01207	63	18	17	25	28	19
BG01208	302	159	501	410	417	620
BG01209	0	5	7	4	10	4
BG01210	5	5	0	4	8	6
BG01211	135	90	267	217	156	175
BG01212	25	37	54	54	34	30
BG01213	35	5	81	14	20	64
BG01214	2	7	2	1	6	3
BG01215	7	36	26	25	25	60
BG01216	2698	2595	1153	1951	365	4590
BG01217	88	189	74	218	134	156
BG01218	17	47	25	40	31	57
BG01219	25	9	20	8	9	6
BG01220	12	14	16	9	5	3
BG01221	3	3	6	6	7	1
BG01222	54	22	9	35	32	68
BG01223	168	100	142	130	180	71
BG01224	2	2	6	17	5	1
BG01225	12	5	9	10	12	28
BG01226	5	6	3	3	5	3
BG01227	10	4	7	1	2	20
BG01228	46	45	56	57	73	29
BG01229	4	4	1	3	3	10
BG01230	40	78	216	145	133	181
BG01231	246	363	72	141	230	344
BG01232	24	19	18	8	47	20
BG01233	5	5	4	6	9	7
BG01234	3	3	2	8	7	7
BG01235	375	444	288	298	186	370
BG01236	4	2	2	1	2	8
BG01237	25	16	32	10	25	17
BG01238	1	3	4	3	6	4
BG01239	79	227	145	57	177	161
BG01240	2	12	3	11	12	13
BG01241	58	33	23	76	70	121
BG01242	89	81	170	135	97	183
BG01243	953	1307	625	1037	731	1367
BG01244	20	21	30	16	35	31
BG01245	39	86	72	27	86	64
BG01246	2	3	2	7	11	7
BG01247	374	305	443	310	303	372
BG01248	5	3	10	5	12	8
BG01249	8	9	2	21	9	31
BG01250	45	21	32	18	87	20
BG01251	5	3	6	5	4	4
BG01252	43	25	22	27	28	63
BG01253	78	135	82	165	103	226
BG01254	30	28	45	60	64	57
BG01255	1	0	1	3	0	7
BG01256	19	28	21	24	33	31
BG01257	252	217	209	164	364	204
BG01258	3	3	2	3	1	2
BG01259	5	3	6	4	6	5
BG01260	62	226	486	115	43	149
BG01261	36	30	21	93	60	132
BG01262	10	128	258	127	50	26
BG01263	467	837	939	1164	1876	610
BG01264	80	115	31	19	19	167
BG01265	106	150	95	278	68	306
BG01266	5430	4032	5338	6321	10192	8834
BG01267	31	33	24	10	25	33
BG01268	5	2	9	8	3	2
BG01269	57	41	51	92	308	95
BG01270	16	39	30	131	65	82
BG01271	2	6	9	6	20	15
BG01272	4	6	2	4	3	10
BG01273	2107	3824	4169	3050	3203	2528
BG01274	19	55	60	41	25	59
BG01275	9	7	4	2	26	3
BG01276	118	144	238	230	269	280
BG01277	9	27	14	46	39	24
BG01278	33	37	7	24	15	19
BG01279	64	100	67	100	129	80
BG01280	2	4	3	2	7	3
BG01281	105	11	19	90	14	33
BG01282	1904	1747	227	2723	1395	1866
BG01283	127	107	121	57	103	58
BG01284	6	18	17	9	15	25
BG01285	11	8	11	9	9	3
BG01286	6	24	14	16	13	15
BG01287	24	15	12	11	17	31
BG01288	8	12	20	10	11	27
BG01289	161	255	59	214	330	228
BG01290	3	7	4	2	6	2
BG01291	104	156	296	171	174	141
BG01292	36	10	2	6	13	9
BG01293	73	38	26	152	67	73
BG01294	5	3	5	5	5	5
BG01295	594	411	425	485	364	606
BG01296	508	448	422	654	507	295
BG01297	237	105	151	158	247	196
BG01298	4	4	3	2	1	3
BG01299	270	202	175	145	163	161
BG01300	100	129	78	56	115	265
BG01301	3	3	3	5	3	2
BG01302	14	45	16	32	74	24
BG01303	102	55	118	97	46	120
BG01304	122	122	139	166	102	100
BG01305	49	45	60	32	96	29
BG01306	39	44	17	42	119	65
BG01307	575	379	745	329	607	341
BG01308	719	307	200	306	312	597
BG01309	6	3	7	5	8	7
BG01310	28	12	18	13	7	2
BG01311	24	41	14	30	52	14
BG01312	5	5	3	5	5	17
BG01313	87	56	37	29	52	17
BG01314	575	446	165	279	402	577
BG01315	2	8	4	4	6	2
BG01316	28	83	49	50	33	102
BG01317	10	3	4	3	1	3
BG01318	14	5	4	18	7	7
BG01319	557	317	507	369	334	608
BG01320	4	15	7	15	7	2
BG01321	66	55	75	105	88	143
BG01322	7	9	2	3	6	3
BG01323	1744	979	1093	1533	1351	885
BG01324	104	59	86	91	122	106
BG01325	26	19	25	18	18	28
BG01326	102	57	65	113	127	134
BG01327	3	9	6	3	6	4
BG01328	556	269	115	358	328	404
BG01329	6	5	27	20	30	30
BG01330	22	11	22	20	13	18
BG01331	3	10	11	7	10	9
BG01332	8	5	12	6	13	6
BG01333	356	56	134	52	232	66
BG01334	48	44	49	98	55	60
BG01335	136	70	70	154	153	177
BG01336	11	37	34	25	49	42
BG01337	75	72	45	36	31	73
BG01338	13	11	18	17	16	33
BG01339	4440	1054	2365	1995	913	2406
BG01340	2	13	6	4	9	6
BG01341	253	560	193	211	235	827
BG01342	276	505	356	877	514	330
BG01343	7	3	7	5	9	6
BG01344	628	1099	3093	2154	1172	1902
BG01345	170	160	316	102	452	355
BG01346	201	180	77	248	527	161
BG01347	26	19	42	31	43	47
BG01348	21	46	30	19	27	18
BG01349	20	42	10	11	6	11
BG01350	40	114	77	10	83	198
BG01351	375	372	126	422	441	1041
BG01352	22	16	37	61	20	21
BG01353	5	1	9	1	8	8
BG01354	52	102	179	102	122	201
BG01355	179	245	210	353	357	415
BG01356	57	55	104	88	65	213
BG01357	237	156	49	181	136	172
BG01358	10	21	46	16	8	24
BG01359	1	0	1	11	3	2
BG01360	6	7	12	2	2	12
BG01361	14	3	1	13	1	1
BG01362	19	35	46	54	79	77
BG01363	11	37	20	42	17	44
BG01364	8	7	10	32	8	10
BG01365	2	0	10	2	4	5
BG01366	2	1	4	12	14	7
BG01367	213	330	235	434	843	316
BG01368	7	10	11	10	3	10
BG01369	30	82	28	85	32	107
BG01370	6	10	3	6	15	7
BG01371	1008	404	761	429	185	780
BG01372	54	31	10	43	13	26
BG01373	38	63	65	25	47	40
BG01374	3667	2869	2173	4881	6084	3976
BG01375	2322	881	435	721	870	520
BG01376	31	4	14	16	11	31
BG01377	16	10	18	2	4	6
BG01378	17	26	6	7	5	18
BG01379	16	9	94	76	154	205
BG01380	5	17	4	55	22	54
BG01381	13	22	10	19	36	20
BG01382	442	241	771	1021	932	501
BG01383	9	18	34	33	16	20
BG01384	1892	4621	5209	1751	2373	2396
BG01385	18	49	31	68	35	49
BG01386	889	671	1144	1862	1320	2547
BG01387	24	36	72	101	35	184
BG01388	310	191	169	223	275	133
BG01389	24	4	5	8	8	11
BG01390	7	10	7	3	6	12
BG01391	84	141	73	40	65	174
BG01392	206	239	285	244	206	414
BG01393	31	48	3	38	44	45
BG01394	10	1	1	4	3	4
BG01395	1	4	9	2	1	6
BG01396	2	6	4	5	2	1
BG01397	8	3	11	3	9	5
BG01398	19	16	11	71	48	42
BG01399	124	320	187	362	248	569
BG01400	26	22	20	31	18	51
BG01401	3	1	1	7	4	7
BG01402	4	18	11	13	43	23
BG01403	54	10	18	4	29	43
BG01404	1326	1691	2485	3350	2508	1522
BG01405	9	4	4	3	8	3
BG01406	11	4	12	6	12	13
BG01407	609	1270	868	595	1765	1279
BG01408	83	47	45	178	89	29
BG01409	123	61	108	81	71	125
BG01410	13	29	31	26	43	45
BG01411	30	38	14	51	82	62
BG01412	243	70	172	80	48	328
BG01413	9	6	8	11	5	5
BG01414	201	197	233	176	240	224
BG01415	1	3	18	3	9	18
BG01416	96	65	62	19	131	78
BG01417	55	30	43	7	24	40
BG01418	12	2	5	17	20	9
BG01419	33	27	46	11	27	41
BG01420	13	7	6	7	7	9
BG01421	1	0	5	5	5	6
BG01422	15	17	15	8	7	16
BG01423	1	5	6	9	4	6
BG01424	41	93	33	58	62	182
BG01425	2	3	6	11	8	16
BG01426	187	116	47	46	149	179
BG01427	5	3	9	15	1	4
BG01428	8	4	7	3	17	15
BG01429	6	6	3	8	11	3
BG01430	169	393	142	295	767	361
BG01431	73	65	61	57	42	58
BG01432	13	27	34	11	10	31
BG01433	47	66	13	65	163	63
BG01434	3	0	6	5	1	4
BG01435	32	32	26	19	42	41
BG01436	1694	1035	1470	965	1528	2788
BG01437	40	31	51	10	25	56
BG01438	15	52	25	38	46	20
BG01439	57	83	90	217	38	131
BG01440	224	350	156	122	117	69
BG01441	8	9	0	7	15	3
BG01442	5	11	2	12	10	1
BG01443	53	18	68	58	62	48
BG01444	5	11	3	7	7	8
BG01445	300	367	702	349	244	774
BG01446	19	13	12	37	36	5
BG01447	3	3	3	1	18	4
BG01448	1	3	1	3	4	5
BG01449	6	5	2	6	6	2
BG01450	25	31	3	12	22	34
BG01451	1	9	2	26	3	13
BG01452	4	9	10	12	17	20
BG01453	327	491	182	463	451	429
BG01454	316	256	314	220	232	526
BG01455	21	17	20	14	37	21
BG01456	2	6	1	15	4	4
BG01457	86	108	94	145	62	138
BG01458	81	124	131	91	108	52
BG01459	19	91	88	79	84	29
BG01460	173	178	89	140	240	155
BG01461	7	1	2	4	9	2
BG01462	971	2726	978	2803	1658	1634
BG01463	5	3	4	10	11	11
BG01464	44	148	113	272	336	322
BG01465	3	4	10	10	4	22
BG01466	4	6	5	4	3	12
BG01467	877	368	164	708	288	1531
BG01468	4	27	17	11	1	14
BG01469	184	69	146	82	192	205
BG01470	21	100	42	31	10	55
BG01471	11	22	14	27	92	29
BG01472	371	237	305	601	430	727
BG01473	30	6	21	21	14	5
BG01474	7	3	4	3	10	3
BG01475	6	8	2	4	8	5
BG01476	83	78	86	48	261	125
BG01477	107	106	82	56	58	58
BG01478	3	4	6	4	1	3
BG01479	10	8	4	6	7	7
BG01480	40	30	16	4	10	7
BG01481	14	16	2	11	10	11
BG01482	5	5	4	7	2	4
BG01483	6	5	9	11	12	4
BG01484	7	1	3	5	6	17
BG01485	115	36	158	152	189	137
BG01486	137	101	133	282	391	183
BG01487	21	24	24	41	11	19
BG01488	26	15	11	18	16	9
BG01489	25	38	51	29	36	19
BG01490	4	6	2	11	12	7
BG01491	4	2	1	2	15	2
BG01492	4	6	1	7	4	3
BG01493	4	3	13	9	3	3
BG01494	5	8	3	3	4	9
BG01495	37	39	40	51	62	62
BG01496	60	41	33	234	52	64
BG01497	6	7	1	2	13	3
BG01498	14	32	20	32	43	51
BG01499	5	11	22	29	76	26
BG01500	38	30	60	54	81	58
BG01501	47	27	4	16	24	26
BG01502	1	1	4	12	4	5
BG01503	3	11	16	2	4	8
BG01504	27	25	29	8	21	56
BG01505	101	244	67	253	393	284
BG01506	5	5	4	3	2	6
BG01507	27	69	46	60	57	158
BG01508	132	356	247	325	548	908
BG01509	17	38	11	27	33	32
BG01510	133	54	178	83	77	85
BG01511	10	10	14	4	10	4
BG01512	31	22	6	25	18	51
BG01513	2	10	6	3	8	14
BG01514	4	5	3	13	7	10
BG01515	133	218	234	192	157	212
BG01516	0	7	7	1	7	3
BG01517	16	4	6	10	4	15
BG01518	2	2	6	12	3	1
BG01519	3	6	17	7	3	2
BG01520	24	3	24	15	45	32
BG01521	5	5	5	2	9	16
BG01522	169	83	158	82	79	96
BG01523	122	57	52	54	85	74
BG01524	53	46	56	84	79	52
BG01525	53	51	39	69	49	18
BG01526	355	1103	750	975	636	697
BG01527	2	5	5	3	4	6
BG01528	57	16	17	16	23	19
BG01529	382	250	245	269	205	140
BG01530	399	657	150	33	666	377
BG01531	4	11	4	12	0	9
BG01532	26	5	6	20	22	30
BG01533	307	187	312	578	653	832
BG01534	60	85	85	82	102	131
BG01535	23	48	34	19	21	62
BG01536	25	31	18	40	8	13
BG01537	14	10	9	4	15	26
BG01538	61	49	46	62	43	68
BG01539	9	12	17	13	20	32
BG01540	6	30	10	9	53	36
BG01541	109	31	39	10	21	104
BG01542	3	7	7	4	7	4
BG01543	157	81	75	173	116	61
BG01544	4749	15864	15519	14445	17157	5208
BG01545	1	4	4	7	6	7
BG01546	39	68	18	77	44	93
BG01547	8	7	2	11	9	13
BG01548	63	37	164	71	53	114
BG01549	44	33	14	46	38	45
BG01550	117	123	94	187	214	59
BG01551	207	224	208	256	255	500
BG01552	33	27	33	27	91	21
BG01553	432	223	537	202	241	710
BG01554	5	0	4	7	9	4
BG01555	714	525	434	779	411	1974
BG01556	47	110	66	73	85	63
BG01557	73	213	184	67	82	96
BG01558	1	1	3	3	3	8
BG01559	8	7	5	1	10	8
BG01560	14	66	57	35	62	53
BG01561	27	11	29	50	29	27
BG01562	76	59	49	48	30	63
BG01563	193	177	95	286	64	314
BG01564	5	12	3	1	5	4
BG01565	182	153	180	178	362	141
BG01566	38	4	59	44	60	57
BG01567	12	22	9	17	15	20
BG01568	5	5	8	4	5	7
BG01569	78	70	182	72	69	138
BG01570	1	13	4	0	5	6
BG01571	233	48	171	34	110	89
BG01572	1	7	8	7	1	4
BG01573	45	34	27	34	32	45
BG01574	8	19	21	6	32	22
BG01575	266	267	348	292	550	344
BG01576	18	4	24	20	9	35
BG01577	9	0	4	1	6	11
BG01578	17	28	6	10	7	10
BG01579	629	484	411	774	250	368
BG01580	77	123	106	120	72	112
BG01581	19	22	4	11	18	34
BG01582	4	9	21	11	20	12
BG01583	7	8	7	1	6	7
BG01584	56	58	39	267	98	113
BG01585	5	2	21	5	3	12
BG01586	65	26	74	159	127	164
BG01587	7	57	31	49	43	53
BG01588	3701	1377	1995	5514	4889	3345
BG01589	4	1	1	2	4	5
BG01590	34	4	12	20	24	33
BG01591	2209	457	869	795	2709	2134
BG01592	215	441	258	367	188	605
BG01593	18	14	7	3	19	40
BG01594	83	149	120	32	53	47
BG01595	42	47	10	76	5	10
BG01596	81	54	18	79	98	175
BG01597	10	2	9	10	18	12
BG01598	16	27	44	13	12	4
BG01599	2	3	5	3	3	6
BG01600	29	18	86	43	77	20
BG01601	107	39	151	124	205	98
BG01602	22	19	13	20	23	21
BG01603	4	4	5	3	1	4
BG01604	194	372	163	140	136	307
BG01605	19	38	39	100	13	99
BG01606	10	10	8	9	9	6
BG01607	8	46	23	12	29	32
BG01608	3	6	4	3	4	9
BG01609	3	2	6	0	7	4
BG01610	11	6	4	1	8	16
BG01611	223	212	482	341	755	293
BG01612	2	13	8	13	15	17
BG01613	50	119	32	164	205	141
BG01614	40	7	7	11	40	11
BG01615	2	73	28	29	44	48
BG01616	9	13	28	23	15	22
BG01617	193	100	290	193	371	341
BG01618	7	40	11	8	3	17
BG01619	9	5	5	6	5	9
BG01620	3	0	3	4	5	2
BG01621	8	9	2	5	5	8
BG01622	9	3	13	4	10	9
BG01623	34	72	54	83	42	89
BG01624	8	13	13	13	5	23
BG01625	1829	3822	4393	2428	3871	5586
BG01626	1	4	4	3	5	12
BG01627	36	39	68	33	48	55
BG01628	2	5	10	9	10	3
BG01629	14	2	9	7	25	9
BG01630	56	38	54	11	7	98
BG01631	3	7	5	2	2	2
BG01632	52	35	43	45	66	40
BG01633	1039	1650	1271	1684	1704	1329
BG01634	6	27	6	2	26	12
BG01635	36	83	27	63	66	48
BG01636	48	262	295	111	127	637
BG01637	16	26	17	17	10	7
BG01638	15	2	11	12	11	10
BG01639	1	4	2	6	9	5
BG01640	30	151	119	83	166	60
BG01641	27	1	47	48	10	53
BG01642	6	1	4	9	6	5
BG01643	53	22	65	21	24	135
BG01644	5	7	18	10	3	7
BG01645	7	14	16	6	12	9
BG01646	31	35	178	40	111	99
BG01647	5	5	1	6	1	3
BG01648	309	191	233	220	287	375
BG01649	12	5	2	4	6	4
BG01650	3	6	4	6	10	10
BG01651	843	1349	472	1998	3186	444
BG01652	177	596	222	146	114	692
BG01653	35	50	67	27	2	14
BG01654	0	2	8	0	6	8
BG01655	9	13	19	6	13	9
BG01656	28	32	25	11	26	7
BG01657	36	12	15	59	16	56
BG01658	10	26	16	58	56	28
BG01659	30	24	5	8	54	27
BG01660	18	17	11	26	25	32
BG01661	12	1	4	6	9	1
BG01662	10	20	4	21	12	0
BG01663	229	298	145	125	247	273
BG01664	2	4	2	6	2	7
BG01665	35	43	40	22	21	29
BG01666	12	7	7	6	6	3
BG01667	44	46	13	32	23	24
BG01668	23	19	15	15	37	17
BG01669	430	698	302	1165	30	121
BG01670	80	133	60	62	67	133
BG01671	2	4	4	3	7	8
BG01672	91	94	176	148	118	31
BG01673	7	8	4	5	3	1
BG01674	9	6	14	7	11	13
BG01675	43	37	63	64	79	68
BG01676	6	16	12	17	19	36
BG01677	41	141	180	202	175	482
BG01678	5	1	5	4	6	7
BG01679	20	9	11	13	7	7
BG01680	11	12	5	2	8	10
BG01681	13	16	17	12	3	2
BG01682	241	273	256	255	149	289
BG01683	187	127	94	100	74	211
BG01684	971	1074	348	853	535	1513
BG01685	4494	2544	4124	5945	1867	1939
BG01686	8	7	7	7	11	11
BG01687	39	27	38	29	20	38
BG01688	1	6	7	4	5	8
BG01689	12	10	0	3	9	18
BG01690	8	3	19	5	15	19
BG01691	5	3	0	1	9	1
BG01692	4	4	8	6	2	3
BG01693	27	36	35	22	47	37
BG01694	6	6	4	4	3	11
BG01695	364	80	49	133	237	116
BG01696	5	4	3	4	5	1
BG01697	8973	15477	8969	11242	9114	8553
BG01698	29	6	16	19	17	4
BG01699	33	26	33	24	43	61
BG01700	5	10	5	13	8	3
BG01701	446	912	833	733	1523	2662
BG01702	135	343	636	207	206	765
BG01703	121	98	39	18	31	99
BG01704	3	1	9	3	9	16
BG01705	100	56	44	24	42	78
BG01706	2	4	8	2	4	3
BG01707	194	433	876	377	406	1158
BG01708	115	177	107	186	172	271
BG01709	28	22	16	53	79	25
BG01710	5	3	1	5	5	10
BG01711	5	2	3	2	11	7
BG01712	36	127	124	177	110	120
BG01713	330	255	342	189	228	892
BG01714	165	212	310	357	664	235
BG01715	3	2	4	4	3	15
BG01716	70	60	62	136	74	46
BG01717	158	158	156	269	204	371
BG01718	2	11	2	3	14	9
BG01719	41	9	53	30	15	23
BG01720	54	62	67	29	126	53
BG01721	38	12	21	16	10	25
BG01722	1	6	6	5	4	1
BG01723	15	5	13	47	7	13
BG01724	30	23	19	9	17	44
BG01725	28	21	3	41	74	12
BG01726	10	3	13	8	11	18
BG01727	7	13	9	5	17	14
BG01728	8	41	18	21	32	13
BG01729	33	17	50	19	30	137
BG01730	16	3	15	17	18	18
BG01731	8	16	14	25	23	14
BG01732	57	44	57	36	67	25
BG01733	3	4	4	3	11	11
BG01734	86	43	63	108	142	105
BG01735	33	17	31	40	3	14
BG01736	35	30	37	30	30	28
BG01737	293	310	208	87	454	243
BG01738	10	7	6	2	4	0
BG01739	7	5	1	5	5	6
BG01740	63	40	16	102	61	120
BG01741	10	14	16	16	39	31
BG01742	57	35	56	38	41	34
BG01743	13	10	29	1	10	24
BG01744	119	123	50	100	207	208
BG01745	58	164	201	141	108	323
BG01746	57	57	69	59	50	155
BG01747	6	12	27	12	21	27
BG01748	4	0	2	1	1	6
BG01749	262	67	107	80	24	122
BG01750	384	367	450	590	518	157
BG01751	76	66	137	188	101	124
BG01752	3	9	8	8	6	11
BG01753	87	78	186	124	256	134
BG01754	234	212	338	203	112	196
BG01755	500	323	792	992	664	846
BG01756	0	4	6	3	8	8
BG01757	13	9	6	16	12	8
BG01758	130	56	336	132	173	261
BG01759	37	51	17	15	38	38
BG01760	3	9	20	3	9	5
BG01761	69	114	57	54	37	76
BG01762	30	21	102	45	103	85
BG01763	13	30	49	28	15	79
BG01764	78	34	94	66	44	30
BG01765	8	7	15	7	22	30
BG01766	636	485	790	398	298	338
BG01767	5	6	2	5	17	6
BG01768	3	4	12	3	16	17
BG01769	23	49	37	23	61	18
BG01770	99	157	153	194	98	261
BG01771	1	2	3	4	5	13
BG01772	6	7	6	6	12	4
BG01773	1	3	10	6	7	1
BG01774	16	33	13	33	35	31
BG01775	5	2	4	15	11	2
BG01776	9	10	10	33	5	13
BG01777	46	30	112	378	209	19
BG01778	14	13	16	6	8	8
BG01779	82	74	29	38	35	46
BG01780	23	14	20	19	17	21
BG01781	139	125	153	219	111	83
BG01782	43	42	73	152	25	61
BG01783	1	6	16	9	7	9
BG01784	7	28	11	10	20	6
BG01785	584	254	298	454	545	783
BG01786	73	33	35	45	33	63
BG01787	5	4	8	11	7	4
BG01788	132	119	60	243	54	73
BG01789	7	1	4	8	7	2
BG01790	380	1012	265	472	1006	576
BG01791	173	216	194	248	85	398
BG01792	78	32	44	20	43	120
BG01793	46	37	46	38	59	32
BG01794	32	17	28	22	65	38
BG01795	26	104	63	135	275	437
BG01796	15	11	13	5	25	18
BG01797	26	31	35	117	57	43
BG01798	219	150	140	147	264	131
BG01799	7	15	4	4	12	22
BG01800	16	7	6	5	6	20
BG01801	0	1	2	7	5	2
BG01802	6	13	6	8	14	4
BG01803	5	8	2	11	6	9
BG01804	18	85	87	51	101	263
BG01805	518	777	829	928	1623	3705
BG01806	178	522	267	214	359	871
BG01807	1	8	3	5	2	7
BG01808	263	71	94	200	52	152
BG01809	419	635	759	821	470	616
BG01810	6	9	14	19	7	17
BG01811	20	32	29	32	84	32
BG01812	3	5	0	2	12	5
BG01813	27	30	61	92	48	82
BG01814	0	1	6	4	8	6
BG01815	57	33	45	30	67	69
BG01816	6	2	1	4	10	7
BG01817	113	101	136	256	151	104
BG01818	158	443	129	315	353	544
BG01819	1	7	5	3	10	8
BG01820	1	2	3	1	8	3
BG01821	4	4	4	0	6	10
BG01822	16	23	6	22	38	27
BG01823	11	4	5	7	30	11
BG01824	3	8	5	7	6	9
BG01825	54	43	88	82	18	95
BG01826	16	13	10	18	11	19
BG01827	3	3	5	1	6	8
BG01828	12	3	2	8	4	11
BG01829	268	139	203	249	134	439
BG01830	88	94	118	41	82	113
BG01831	13	14	15	51	8	2
BG01832	53	140	87	90	108	89
BG01833	2	13	5	3	10	8
BG01834	38	33	8	6	102	78
BG01835	76	26	12	48	131	27
BG01836	8	21	10	20	8	13
BG01837	93	51	105	120	20	76
BG01838	7	3	4	3	5	4
BG01839	257	107	69	24	103	32
BG01840	45	47	96	57	47	114
BG01841	4	5	6	6	3	8
BG01842	343	458	459	545	386	310
BG01843	4	3	6	7	4	7
BG01844	7	9	9	12	4	5
BG01845	222	49	116	333	147	377
BG01846	22	23	6	5	10	16
BG01847	2	5	4	6	5	11
BG01848	8	7	2	11	2	3
BG01849	85	180	253	155	573	661
BG01850	1	3	0	4	10	5
BG01851	394	139	502	733	271	596
BG01852	52	19	34	28	40	21
BG01853	5	9	7	1	5	5
BG01854	10	0	7	5	11	14
BG01855	5	8	1	6	4	6
BG01856	190	430	153	248	290	155
BG01857	90	189	134	139	107	191
BG01858	8	3	4	3	5	7
BG01859	19	20	8	13	12	34
BG01860	0	9	3	7	6	5
BG01861	126	162	247	502	275	617
BG01862	0	9	1	6	14	2
BG01863	815	1129	737	657	1173	785
BG01864	26	32	30	18	41	45
BG01865	8	3	8	1	14	3
BG01866	4	10	16	11	12	5
BG01867	7	11	3	8	4	3
BG01868	7	8	9	1	1	6
BG01869	38	13	56	22	77	120
BG01870	13	5	3	1	3	4
BG01871	12	0	2	6	2	10
BG01872	17	2	37	17	30	16
BG01873	15	7	2	4	3	18
BG01874	6	5	8	6	5	4
BG01875	5	4	6	3	8	6
BG01876	4	4	5	4	3	4
BG01877	1375	2026	1496	1388	2410	3932
BG01878	54	42	22	37	18	36
BG01879	58	44	47	37	96	37
BG01880	3	7	6	7	5	5
BG01881	1	2	3	18	6	6
BG01882	55	42	37	65	49	66
BG01883	2	8	1	4	5	5
BG01884	196	157	142	166	251	381
BG01885	7	1	3	4	5	3
BG01886	25	10	4	15	13	30
BG01887	4	8	4	10	2	13
BG01888	78	37	15	30	77	31
BG01889	8	6	5	12	4	12
BG01890	11	22	19	20	21	18
BG01891	24	11	7	37	26	22
BG01892	8	6	11	0	11	7
BG01893	62	82	76	64	58	143
BG01894	37	61	72	41	88	76
BG01895	9	20	22	17	27	25
BG01896	19	14	15	18	21	16
BG01897	94	139	142	55	138	177
BG01898	12	15	1	8	21	39
BG01899	15	21	12	26	11	29
BG01900	55	19	23	38	50	54
BG01901	620	828	1254	824	610	1362
BG01902	3	6	5	2	7	7
BG01903	115	50	151	59	218	385
BG01904	4	1	5	7	2	7
BG01905	31	63	49	55	104	26
BG01906	1652	688	345	609	651	573
BG01907	38	51	117	74	35	117
BG01908	22	84	35	41	30	78
BG01909	2	15	6	20	14	13
BG01910	14	22	56	63	28	22
BG01911	20	16	4	16	18	21
BG01912	5	1	2	0	4	15
BG01913	43	11	3	45	38	19
BG01914	20	50	105	105	19	65
BG01915	4	2	3	1	0	8
BG01916	2	11	4	2	3	19
BG01917	10	5	6	2	7	3
BG01918	69	28	43	51	76	173
BG01919	140	127	62	165	124	99
BG01920	58	48	80	48	33	37
BG01921	118	104	53	144	262	322
BG01922	6	34	64	30	62	56
BG01923	72	54	42	64	98	104
BG01924	34	31	83	50	67	48
BG01925	11	36	15	21	21	21
BG01926	12	14	13	21	17	13
BG01927	2566	3209	2591	2185	3349	1463
